abnormal;abound,
abolish;abounds,
abominable;abundance,
abominably;abundant,
abominate;accessable,
abomination;accessible,
abort;acclaim,
aborted;acclaimed,
aborts;acclamation,
abrade;accolade,
abrasive;accolades,
abrupt;accommodative,
abruptly;accomodative,
abscond;accomplish,
absence;accomplished,
absent-minded;accomplishment,
absentee;accomplishments,
absurd;accurate,
absurdity;accurately,
absurdly;achievable,
absurdness;achievement,
abuse;achievements,
abused;achievible,
abuses;acumen,
abusive;adaptable,
abysmal;adaptive,
abysmally;adequate,
abyss;adjustable,
accidental;admirable,
accost;admirably,
accursed;admiration,
accusation;admire,
accusations;admirer,
accuse;admiring,
accuses;admiringly,
accusing;adorable,
accusingly;adore,
acerbate;adored,
acerbic;adorer,
acerbically;adoring,
ache;adoringly,
ached;adroit,
aches;adroitly,
achey;adulate,
aching;adulation,
acrid;adulatory,
acridly;advanced,
acridness;advantage,
acrimonious;advantageous,
acrimoniously;advantageously,
acrimony;advantages,
adamant;adventuresome,
adamantly;adventurous,
addict;advocate,
addicted;advocated,
addicting;advocates,
addicts;affability,
admonish;affable,
admonisher;affably,
admonishingly;affectation,
admonishment;affection,
admonition;affectionate,
adulterate;affinity,
adulterated;affirm,
adulteration;affirmation,
adulterier;affirmative,
adversarial;affluence,
adversary;affluent,
adverse;afford,
adversity;affordable,
afflict;affordably,
affliction;afordable,
afflictive;agile,
affront;agilely,
afraid;agility,
aggravate;agreeable,
aggravating;agreeableness,
aggravation;agreeably,
aggression;all-around,
aggressive;alluring,
aggressiveness;alluringly,
aggressor;altruistic,
aggrieve;altruistically,
aggrieved;amaze,
aggrivation;amazed,
aghast;amazement,
agonies;amazes,
agonize;amazing,
agonizing;amazingly,
agonizingly;ambitious,
agony;ambitiously,
aground;ameliorate,
ail;amenable,
ailing;amenity,
ailment;amiability,
aimless;amiabily,
alarm;amiable,
alarmed;amicability,
alarming;amicable,
alarmingly;amicably,
alienate;amity,
alienated;ample,
alienation;amply,
allegation;amuse,
allegations;amusing,
allege;amusingly,
allergic;angel,
allergies;angelic,
allergy;apotheosis,
aloof;appeal,
altercation;appealing,
ambiguity;applaud,
ambiguous;appreciable,
ambivalence;appreciate,
ambivalent;appreciated,
ambush;appreciates,
amiss;appreciative,
amputate;appreciatively,
anarchism;appropriate,
anarchist;approval,
anarchistic;approve,
anarchy;ardent,
anemic;ardently,
anger;ardor,
angrily;articulate,
angriness;aspiration,
angry;aspirations,
anguish;aspire,
animosity;assurance,
annihilate;assurances,
annihilation;assure,
annoy;assuredly,
annoyance;assuring,
annoyances;astonish,
annoyed;astonished,
annoying;astonishing,
annoyingly;astonishingly,
annoys;astonishment,
anomalous;astound,
anomaly;astounded,
antagonism;astounding,
antagonist;astoundingly,
antagonistic;astutely,
antagonize;attentive,
anti-;attraction,
anti-american;attractive,
anti-israeli;attractively,
anti-occupation;attune,
anti-proliferation;audible,
anti-semites;audibly,
anti-social;auspicious,
anti-us;authentic,
anti-white;authoritative,
antipathy;autonomous,
antiquated;available,
antithetical;aver,
anxieties;avid,
anxiety;avidly,
anxious;award,
anxiously;awarded,
anxiousness;awards,
apathetic;awe,
apathetically;awed,
apathy;awesome,
apocalypse;awesomely,
apocalyptic;awesomeness,
apologist;awestruck,
apologists;awsome,
appal;backbone,
appall;balanced,
appalled;bargain,
appalling;beauteous,
appallingly;beautiful,
apprehension;beautifullly,
apprehensions;beautifully,
apprehensive;beautify,
apprehensively;beauty,
arbitrary;beckon,
arcane;beckoned,
archaic;beckoning,
arduous;beckons,
arduously;believable,
argumentative;believeable,
arrogance;beloved,
arrogant;benefactor,
arrogantly;beneficent,
ashamed;beneficial,
asinine;beneficially,
asininely;beneficiary,
asinininity;benefit,
askance;benefits,
asperse;benevolence,
aspersion;benevolent,
aspersions;benifits,
assail;best,
assassin;best-known,
assassinate;best-performing,
assault;best-selling,
assult;better,
astray;better-known,
asunder;better-than-expected,
atrocious;beutifully,
atrocities;blameless,
atrocity;bless,
atrophy;blessing,
attack;bliss,
attacks;blissful,
audacious;blissfully,
audaciously;blithe,
audaciousness;blockbuster,
audacity;bloom,
audiciously;blossom,
austere;bolster,
authoritarian;bonny,
autocrat;bonus,
autocratic;bonuses,
avalanche;boom,
avarice;booming,
avaricious;boost,
avariciously;boundless,
avenge;bountiful,
averse;brainiest,
aversion;brainy,
aweful;brand-new,
awful;brave,
awfully;bravery,
awfulness;bravo,
awkward;breakthrough,
awkwardness;breakthroughs,
ax;breathlessness,
babble;breathtaking,
back-logged;breathtakingly,
back-wood;breeze,
back-woods;bright,
backache;brighten,
backaches;brighter,
backaching;brightest,
backbite;brilliance,
backbiting;brilliances,
backward;brilliant,
backwardness;brilliantly,
backwood;brisk,
backwoods;brotherly,
bad;bullish,
badly;buoyant,
baffle;cajole,
baffled;calm,
bafflement;calming,
baffling;calmness,
bait;capability,
balk;capable,
banal;capably,
banalize;captivate,
bane;captivating,
banish;carefree,
banishment;cashback,
bankrupt;cashbacks,
barbarian;catchy,
barbaric;celebrate,
barbarically;celebrated,
barbarity;celebration,
barbarous;celebratory,
barbarously;champ,
barren;champion,
baseless;charisma,
bash;charismatic,
bashed;charitable,
bashful;charm,
bashing;charming,
bastard;charmingly,
bastards;chaste,
battered;cheaper,
battering;cheapest,
batty;cheer,
bearish;cheerful,
beastly;cheery,
bedlam;cherish,
bedlamite;cherished,
befoul;cherub,
beg;chic,
beggar;chivalrous,
beggarly;chivalry,
begging;civility,
beguile;civilize,
belabor;clarity,
belated;classic,
beleaguer;classy,
belie;clean,
belittle;cleaner,
belittled;cleanest,
belittling;cleanliness,
bellicose;cleanly,
belligerence;clear,
belligerent;clear-cut,
belligerently;cleared,
bemoan;clearer,
bemoaning;clearly,
bemused;clears,
bent;clever,
berate;cleverly,
bereave;cohere,
bereavement;coherence,
bereft;coherent,
berserk;cohesive,
beseech;colorful,
beset;comely,
besiege;comfort,
besmirch;comfortable,
bestial;comfortably,
betray;comforting,
betrayal;comfy,
betrayals;commend,
betrayer;commendable,
betraying;commendably,
betrays;commitment,
bewail;commodious,
beware;compact,
bewilder;compactly,
bewildered;compassion,
bewildering;compassionate,
bewilderingly;compatible,
bewilderment;competitive,
bewitch;complement,
bias;complementary,
biased;complemented,
biases;complements,
bicker;compliant,
bickering;compliment,
bid-rigging;complimentary,
bigotries;comprehensive,
bigotry;conciliate,
bitch;conciliatory,
bitchy;concise,
biting;confidence,
bitingly;confident,
bitter;congenial,
bitterly;congratulate,
bitterness;congratulation,
bizarre;congratulations,
blab;congratulatory,
blabber;conscientious,
blackmail;considerate,
blah;consistent,
blame;consistently,
blameworthy;constructive,
bland;consummate,
blandish;contentment,
blaspheme;continuity,
blasphemous;contrasty,
blasphemy;contribution,
blasted;convenience,
blatant;convenient,
blatantly;conveniently,
blather;convience,
bleak;convienient,
bleakly;convient,
bleakness;convincing,
bleed;convincingly,
bleeding;cool,
bleeds;coolest,
blemish;cooperative,
blind;cooperatively,
blinding;cornerstone,
blindingly;correct,
blindside;correctly,
blister;cost-effective,
blistering;cost-saving,
bloated;counter-attack,
blockage;counter-attacks,
blockhead;courage,
bloodshed;courageous,
bloodthirsty;courageously,
bloody;courageousness,
blotchy;courteous,
blow;courtly,
blunder;covenant,
blundering;cozy,
blunders;creative,
blunt;credence,
blur;credible,
bluring;crisp,
blurred;crisper,
blurring;cure,
blurry;cure-all,
blurs;cushy,
blurt;cute,
boastful;cuteness,
boggle;danke,
bogus;danken,
boil;daring,
boiling;daringly,
boisterous;darling,
bomb;dashing,
bombard;dauntless,
bombardment;dawn,
bombastic;dazzle,
bondage;dazzled,
bonkers;dazzling,
bore;dead-cheap,
bored;dead-on,
boredom;decency,
bores;decent,
boring;decisive,
botch;decisiveness,
bother;dedicated,
bothered;defeat,
bothering;defeated,
bothers;defeating,
bothersome;defeats,
bowdlerize;defender,
boycott;deference,
braggart;deft,
bragger;deginified,
brainless;delectable,
brainwash;delicacy,
brash;delicate,
brashly;delicious,
brashness;delight,
brat;delighted,
bravado;delightful,
brazen;delightfully,
brazenly;delightfulness,
brazenness;dependable,
breach;dependably,
break;deservedly,
break-up;deserving,
break-ups;desirable,
breakdown;desiring,
breaking;desirous,
breaks;destiny,
breakup;detachable,
breakups;devout,
bribery;dexterous,
brimstone;dexterously,
bristle;dextrous,
brittle;dignified,
broke;dignify,
broken;dignity,
broken-hearted;diligence,
brood;diligent,
browbeat;diligently,
bruise;diplomatic,
bruised;dirt-cheap,
bruises;distinction,
bruising;distinctive,
brusque;distinguished,
brutal;diversified,
brutalising;divine,
brutalities;divinely,
brutality;dominate,
brutalize;dominated,
brutalizing;dominates,
brutally;dote,
brute;dotingly,
brutish;doubtless,
bs;dreamland,
buckle;dumbfounded,
bug;dumbfounding,
bugging;dummy-proof,
buggy;durable,
bugs;dynamic,
bulkier;eager,
bulkiness;eagerly,
bulky;eagerness,
bulkyness;earnest,
bull****;earnestly,
bull----;earnestness,
bullies;ease,
bullshit;eased,
bullshyt;eases,
bully;easier,
bullying;easiest,
bullyingly;easiness,
bum;easing,
bump;easy,
bumped;easy-to-use,
bumping;easygoing,
bumpping;ebullience,
bumps;ebullient,
bumpy;ebulliently,
bungle;ecenomical,
bungler;economical,
bungling;ecstasies,
bunk;ecstasy,
burden;ecstatic,
burdensome;ecstatically,
burdensomely;edify,
burn;educated,
burned;effective,
burning;effectively,
burns;effectiveness,
bust;effectual,
busts;efficacious,
busybody;efficient,
butcher;efficiently,
butchery;effortless,
buzzing;effortlessly,
byzantine;effusion,
cackle;effusive,
calamities;effusively,
calamitous;effusiveness,
calamitously;elan,
calamity;elate,
callous;elated,
calumniate;elatedly,
calumniation;elation,
calumnies;electrify,
calumnious;elegance,
calumniously;elegant,
calumny;elegantly,
cancer;elevate,
cancerous;elite,
cannibal;eloquence,
cannibalize;eloquent,
capitulate;eloquently,
capricious;embolden,
capriciously;eminence,
capriciousness;eminent,
capsize;empathize,
careless;empathy,
carelessness;empower,
caricature;empowerment,
carnage;enchant,
carp;enchanted,
cartoonish;enchanting,
cash-strapped;enchantingly,
castigate;encourage,
castrated;encouragement,
casualty;encouraging,
cataclysm;encouragingly,
cataclysmal;endear,
cataclysmic;endearing,
cataclysmically;endorse,
catastrophe;endorsed,
catastrophes;endorsement,
catastrophic;endorses,
catastrophically;endorsing,
catastrophies;energetic,
caustic;energize,
caustically;energy-efficient,
cautionary;energy-saving,
cave;engaging,
censure;engrossing,
chafe;enhance,
chaff;enhanced,
chagrin;enhancement,
challenging;enhances,
chaos;enjoy,
chaotic;enjoyable,
chasten;enjoyably,
chastise;enjoyed,
chastisement;enjoying,
chatter;enjoyment,
chatterbox;enjoys,
cheap;enlighten,
cheapen;enlightenment,
cheaply;enliven,
cheat;ennoble,
cheated;enough,
cheater;enrapt,
cheating;enrapture,
cheats;enraptured,
checkered;enrich,
cheerless;enrichment,
cheesy;enterprising,
chide;entertain,
childish;entertaining,
chill;entertains,
chilly;enthral,
chintzy;enthrall,
choke;enthralled,
choleric;enthuse,
choppy;enthusiasm,
chore;enthusiast,
chronic;enthusiastic,
chunky;enthusiastically,
clamor;entice,
clamorous;enticed,
clash;enticing,
cliche;enticingly,
cliched;entranced,
clique;entrancing,
clog;entrust,
clogged;enviable,
clogs;enviably,
cloud;envious,
clouding;enviously,
cloudy;enviousness,
clueless;envy,
clumsy;equitable,
clunky;ergonomical,
coarse;err-free,
cocky;erudite,
coerce;ethical,
coercion;eulogize,
coercive;euphoria,
cold;euphoric,
coldly;euphorically,
collapse;evaluative,
collude;evenly,
collusion;eventful,
combative;everlasting,
combust;evocative,
comical;exalt,
commiserate;exaltation,
commonplace;exalted,
commotion;exaltedly,
commotions;exalting,
complacent;exaltingly,
complain;examplar,
complained;examplary,
complaining;excallent,
complains;exceed,
complaint;exceeded,
complaints;exceeding,
complex;exceedingly,
complicated;exceeds,
complication;excel,
complicit;exceled,
compulsion;excelent,
compulsive;excellant,
concede;excelled,
conceded;excellence,
conceit;excellency,
conceited;excellent,
concen;excellently,
concens;excels,
concern;exceptional,
concerned;exceptionally,
concerns;excite,
concession;excited,
concessions;excitedly,
condemn;excitedness,
condemnable;excitement,
condemnation;excites,
condemned;exciting,
condemns;excitingly,
condescend;exellent,
condescending;exemplar,
condescendingly;exemplary,
condescension;exhilarate,
confess;exhilarating,
confession;exhilaratingly,
confessions;exhilaration,
confined;exonerate,
conflict;expansive,
conflicted;expeditiously,
conflicting;expertly,
conflicts;exquisite,
confound;exquisitely,
confounded;extol,
confounding;extoll,
confront;extraordinarily,
confrontation;extraordinary,
confrontational;exuberance,
confuse;exuberant,
confused;exuberantly,
confuses;exult,
confusing;exultant,
confusion;exultation,
confusions;exultingly,
congested;eye-catch,
congestion;eye-catching,
cons;eyecatch,
conscons;eyecatching,
conservative;fabulous,
conspicuous;fabulously,
conspicuously;facilitate,
conspiracies;fair,
conspiracy;fairly,
conspirator;fairness,
conspiratorial;faith,
conspire;faithful,
consternation;faithfully,
contagious;faithfulness,
contaminate;fame,
contaminated;famed,
contaminates;famous,
contaminating;famously,
contamination;fancier,
contempt;fancinating,
contemptible;fancy,
contemptuous;fanfare,
contemptuously;fans,
contend;fantastic,
contention;fantastically,
contentious;fascinate,
contort;fascinating,
contortions;fascinatingly,
contradict;fascination,
contradiction;fashionable,
contradictory;fashionably,
contrariness;fast,
contravene;fast-growing,
contrive;fast-paced,
contrived;faster,
controversial;fastest,
controversy;fastest-growing,
convoluted;faultless,
corrode;fav,
corrosion;fave,
corrosions;favor,
corrosive;favorable,
corrupt;favored,
corrupted;favorite,
corrupting;favorited,
corruption;favour,
corrupts;fearless,
corruptted;fearlessly,
costlier;feasible,
costly;feasibly,
counter-productive;feat,
counterproductive;feature-rich,
coupists;fecilitous,
covetous;feisty,
coward;felicitate,
cowardly;felicitous,
crabby;felicity,
crack;fertile,
cracked;fervent,
cracks;fervently,
craftily;fervid,
craftly;fervidly,
crafty;fervor,
cramp;festive,
cramped;fidelity,
cramping;fiery,
cranky;fine,
crap;fine-looking,
crappy;finely,
craps;finer,
crash;finest,
crashed;firmer,
crashes;first-class,
crashing;first-in-class,
crass;first-rate,
craven;flashy,
cravenly;flatter,
craze;flattering,
crazily;flatteringly,
craziness;flawless,
crazy;flawlessly,
creak;flexibility,
creaking;flexible,
creaks;flourish,
credulous;flourishing,
creep;fluent,
creeping;flutter,
creeps;fond,
creepy;fondly,
crept;fondness,
crime;foolproof,
criminal;foremost,
cringe;foresight,
cringed;formidable,
cringes;fortitude,
cripple;fortuitous,
crippled;fortuitously,
cripples;fortunate,
crippling;fortunately,
crisis;fortune,
critic;fragrant,
critical;free,
criticism;freed,
criticisms;freedom,
criticize;freedoms,
criticized;fresh,
criticizing;fresher,
critics;freshest,
cronyism;friendliness,
crook;friendly,
crooked;frolic,
crooks;frugal,
crowded;fruitful,
crowdedness;ftw,
crude;fulfillment,
cruel;fun,
crueler;futurestic,
cruelest;futuristic,
cruelly;gaiety,
cruelness;gaily,
cruelties;gain,
cruelty;gained,
crumble;gainful,
crumbling;gainfully,
crummy;gaining,
crumple;gains,
crumpled;gallant,
crumples;gallantly,
crush;galore,
crushed;geekier,
crushing;geeky,
cry;gem,
culpable;gems,
culprit;generosity,
cumbersome;generous,
cunt;generously,
cunts;genial,
cuplrit;genius,
curse;gentle,
cursed;gentlest,
curses;genuine,
curt;gifted,
cuss;glad,
cussed;gladden,
cutthroat;gladly,
cynical;gladness,
cynicism;glamorous,
d*mn;glee,
damage;gleeful,
damaged;gleefully,
damages;glimmer,
damaging;glimmering,
damn;glisten,
damnable;glistening,
damnably;glitter,
damnation;glitz,
damned;glorify,
damning;glorious,
damper;gloriously,
danger;glory,
dangerous;glow,
dangerousness;glowing,
dark;glowingly,
darken;god-given,
darkened;god-send,
darker;godlike,
darkness;godsend,
dastard;gold,
dastardly;golden,
daunt;good,
daunting;goodly,
dauntingly;goodness,
dawdle;goodwill,
daze;goood,
dazed;gooood,
dead;gorgeous,
deadbeat;gorgeously,
deadlock;grace,
deadly;graceful,
deadweight;gracefully,
deaf;gracious,
dearth;graciously,
death;graciousness,
debacle;grand,
debase;grandeur,
debasement;grateful,
debaser;gratefully,
debatable;gratification,
debauch;gratified,
debaucher;gratifies,
debauchery;gratify,
debilitate;gratifying,
debilitating;gratifyingly,
debility;gratitude,
debt;great,
debts;greatest,
decadence;greatness,
decadent;grin,
decay;groundbreaking,
decayed;guarantee,
deceit;guidance,
deceitful;guiltless,
deceitfully;gumption,
deceitfulness;gush,
deceive;gusto,
deceiver;gutsy,
deceivers;hail,
deceiving;halcyon,
deception;hale,
deceptive;hallmark,
deceptively;hallmarks,
declaim;hallowed,
decline;handier,
declines;handily,
declining;hands-down,
decrement;handsome,
decrepit;handsomely,
decrepitude;handy,
decry;happier,
defamation;happily,
defamations;happiness,
defamatory;happy,
defame;hard-working,
defect;hardier,
defective;hardy,
defects;harmless,
defensive;harmonious,
defiance;harmoniously,
defiant;harmonize,
defiantly;harmony,
deficiencies;headway,
deficiency;heal,
deficient;healthful,
defile;healthy,
defiler;hearten,
deform;heartening,
deformed;heartfelt,
defrauding;heartily,
defunct;heartwarming,
defy;heaven,
degenerate;heavenly,
degenerately;helped,
degeneration;helpful,
degradation;helping,
degrade;hero,
degrading;heroic,
degradingly;heroically,
dehumanization;heroine,
dehumanize;heroize,
deign;heros,
deject;high-quality,
dejected;high-spirited,
dejectedly;hilarious,
dejection;holy,
delay;homage,
delayed;honest,
delaying;honesty,
delays;honor,
delinquency;honorable,
delinquent;honored,
delirious;honoring,
delirium;hooray,
delude;hopeful,
deluded;hospitable,
deluge;hot,
delusion;hotcake,
delusional;hotcakes,
delusions;hottest,
demean;hug,
demeaning;humane,
demise;humble,
demolish;humility,
demolisher;humor,
demon;humorous,
demonic;humorously,
demonize;humour,
demonized;humourous,
demonizes;ideal,
demonizing;idealize,
demoralize;ideally,
demoralizing;idol,
demoralizingly;idolize,
denial;idolized,
denied;idyllic,
denies;illuminate,
denigrate;illuminati,
denounce;illuminating,
dense;illumine,
dent;illustrious,
dented;ilu,
dents;imaculate,
denunciate;imaginative,
denunciation;immaculate,
denunciations;immaculately,
deny;immense,
denying;impartial,
deplete;impartiality,
deplorable;impartially,
deplorably;impassioned,
deplore;impeccable,
deploring;impeccably,
deploringly;important,
deprave;impress,
depraved;impressed,
depravedly;impresses,
deprecate;impressive,
depress;impressively,
depressed;impressiveness,
depressing;improve,
depressingly;improved,
depression;improvement,
depressions;improvements,
deprive;improves,
deprived;improving,
deride;incredible,
derision;incredibly,
derisive;indebted,
derisively;individualized,
derisiveness;indulgence,
derogatory;indulgent,
desecrate;industrious,
desert;inestimable,
desertion;inestimably,
desiccate;inexpensive,
desiccated;infallibility,
desititute;infallible,
desolate;infallibly,
desolately;influential,
desolation;ingenious,
despair;ingeniously,
despairing;ingenuity,
despairingly;ingenuous,
desperate;ingenuously,
desperately;innocuous,
desperation;innovation,
despicable;innovative,
despicably;inpressed,
despise;insightful,
despised;insightfully,
despoil;inspiration,
despoiler;inspirational,
despondence;inspire,
despondency;inspiring,
despondent;instantly,
despondently;instructive,
despot;instrumental,
despotic;integral,
despotism;integrated,
destabilisation;intelligence,
destains;intelligent,
destitute;intelligible,
destitution;interesting,
destroy;interests,
destroyer;intimacy,
destruction;intimate,
destructive;intricate,
desultory;intrigue,
deter;intriguing,
deteriorate;intriguingly,
deteriorating;intuitive,
deterioration;invaluable,
deterrent;invaluablely,
detest;inventive,
detestable;invigorate,
detestably;invigorating,
detested;invincibility,
detesting;invincible,
detests;inviolable,
detract;inviolate,
detracted;invulnerable,
detracting;irreplaceable,
detraction;irreproachable,
detracts;irresistible,
detriment;irresistibly,
detrimental;issue-free,
devastate;jaw-droping,
devastated;jaw-dropping,
devastates;jollify,
devastating;jolly,
devastatingly;jovial,
devastation;joy,
deviate;joyful,
deviation;joyfully,
devil;joyous,
devilish;joyously,
devilishly;jubilant,
devilment;jubilantly,
devilry;jubilate,
devious;jubilation,
deviously;jubiliant,
deviousness;judicious,
devoid;justly,
diabolic;keen,
diabolical;keenly,
diabolically;keenness,
diametrically;kid-friendly,
diappointed;kindliness,
diatribe;kindly,
diatribes;kindness,
dick;knowledgeable,
dictator;kudos,
dictatorial;large-capacity,
die;laud,
die-hard;laudable,
died;laudably,
dies;lavish,
difficult;lavishly,
difficulties;law-abiding,
difficulty;lawful,
diffidence;lawfully,
dilapidated;lead,
dilemma;leading,
dilly-dally;leads,
dim;lean,
dimmer;led,
din;legendary,
ding;leverage,
dings;levity,
dinky;liberate,
dire;liberation,
direly;liberty,
direness;lifesaver,
dirt;light-hearted,
dirtbag;lighter,
dirtbags;likable,
dirts;like,
dirty;liked,
disable;likes,
disabled;liking,
disaccord;lionhearted,
disadvantage;lively,
disadvantaged;logical,
disadvantageous;long-lasting,
disadvantages;lovable,
disaffect;lovably,
disaffected;love,
disaffirm;loved,
disagree;loveliness,
disagreeable;lovely,
disagreeably;lover,
disagreed;loves,
disagreeing;loving,
disagreement;low-cost,
disagrees;low-price,
disallow;low-priced,
disapointed;low-risk,
disapointing;lower-priced,
disapointment;loyal,
disappoint;loyalty,
disappointed;lucid,
disappointing;lucidly,
disappointingly;luck,
disappointment;luckier,
disappointments;luckiest,
disappoints;luckiness,
disapprobation;lucky,
disapproval;lucrative,
disapprove;luminous,
disapproving;lush,
disarm;luster,
disarray;lustrous,
disaster;luxuriant,
disasterous;luxuriate,
disastrous;luxurious,
disastrously;luxuriously,
disavow;luxury,
disavowal;lyrical,
disbelief;magic,
disbelieve;magical,
disbeliever;magnanimous,
disclaim;magnanimously,
discombobulate;magnificence,
discomfit;magnificent,
discomfititure;magnificently,
discomfort;majestic,
discompose;majesty,
disconcert;manageable,
disconcerted;maneuverable,
disconcerting;marvel,
disconcertingly;marveled,
disconsolate;marvelled,
disconsolately;marvellous,
disconsolation;marvelous,
discontent;marvelously,
discontented;marvelousness,
discontentedly;marvels,
discontinued;master,
discontinuity;masterful,
discontinuous;masterfully,
discord;masterpiece,
discordance;masterpieces,
discordant;masters,
discountenance;mastery,
discourage;matchless,
discouragement;mature,
discouraging;maturely,
discouragingly;maturity,
discourteous;meaningful,
discourteously;memorable,
discoutinous;merciful,
discredit;mercifully,
discrepant;mercy,
discriminate;merit,
discrimination;meritorious,
discriminatory;merrily,
disdain;merriment,
disdained;merriness,
disdainful;merry,
disdainfully;mesmerize,
disfavor;mesmerized,
disgrace;mesmerizes,
disgraced;mesmerizing,
disgraceful;mesmerizingly,
disgracefully;meticulous,
disgruntle;meticulously,
disgruntled;mightily,
disgust;mighty,
disgusted;mind-blowing,
disgustedly;miracle,
disgustful;miracles,
disgustfully;miraculous,
disgusting;miraculously,
disgustingly;miraculousness,
dishearten;modern,
disheartening;modest,
dishearteningly;modesty,
dishonest;momentous,
dishonestly;monumental,
dishonesty;monumentally,
dishonor;morality,
dishonorable;motivated,
dishonorablely;multi-purpose,
disillusion;navigable,
disillusioned;neat,
disillusionment;neatest,
disillusions;neatly,
disinclination;nice,
disinclined;nicely,
disingenuous;nicer,
disingenuously;nicest,
disintegrate;nifty,
disintegrated;nimble,
disintegrates;noble,
disintegration;nobly,
disinterest;noiseless,
disinterested;non-violence,
dislike;non-violent,
disliked;notably,
dislikes;noteworthy,
disliking;nourish,
dislocated;nourishing,
disloyal;nourishment,
disloyalty;novelty,
dismal;nurturing,
dismally;oasis,
dismalness;obsession,
dismay;obsessions,
dismayed;obtainable,
dismaying;openly,
dismayingly;openness,
dismissive;optimal,
dismissively;optimism,
disobedience;optimistic,
disobedient;opulent,
disobey;orderly,
disoobedient;originality,
disorder;outdo,
disordered;outdone,
disorderly;outperform,
disorganized;outperformed,
disorient;outperforming,
disoriented;outperforms,
disown;outshine,
disparage;outshone,
disparaging;outsmart,
disparagingly;outstanding,
dispensable;outstandingly,
dispirit;outstrip,
dispirited;outwit,
dispiritedly;ovation,
dispiriting;overjoyed,
displace;overtake,
displaced;overtaken,
displease;overtakes,
displeased;overtaking,
displeasing;overtook,
displeasure;overture,
disproportionate;pain-free,
disprove;painless,
disputable;painlessly,
dispute;palatial,
disputed;pamper,
disquiet;pampered,
disquieting;pamperedly,
disquietingly;pamperedness,
disquietude;pampers,
disregard;panoramic,
disregardful;paradise,
disreputable;paramount,
disrepute;pardon,
disrespect;passion,
disrespectable;passionate,
disrespectablity;passionately,
disrespectful;patience,
disrespectfully;patient,
disrespectfulness;patiently,
disrespecting;patriot,
disrupt;patriotic,
disruption;peace,
disruptive;peaceable,
diss;peaceful,
dissapointed;peacefully,
dissappointed;peacekeepers,
dissappointing;peach,
dissatisfaction;peerless,
dissatisfactory;pep,
dissatisfied;pepped,
dissatisfies;pepping,
dissatisfy;peppy,
dissatisfying;peps,
dissed;perfect,
dissemble;perfection,
dissembler;perfectly,
dissension;permissible,
dissent;perseverance,
dissenter;persevere,
dissention;personages,
disservice;personalized,
disses;phenomenal,
dissidence;phenomenally,
dissident;picturesque,
dissidents;piety,
dissing;pinnacle,
dissocial;playful,
dissolute;playfully,
dissolution;pleasant,
dissonance;pleasantly,
dissonant;pleased,
dissonantly;pleases,
dissuade;pleasing,
dissuasive;pleasingly,
distains;pleasurable,
distaste;pleasurably,
distasteful;pleasure,
distastefully;plentiful,
distort;pluses,
distorted;plush,
distortion;plusses,
distorts;poetic,
distract;poeticize,
distracting;poignant,
distraction;poise,
distraught;poised,
distraughtly;polished,
distraughtness;polite,
distress;politeness,
distressed;popular,
distressing;portable,
distressingly;posh,
distrust;positive,
distrustful;positively,
distrusting;positives,
disturb;powerful,
disturbance;powerfully,
disturbed;praise,
disturbing;praiseworthy,
disturbingly;praising,
disunity;pre-eminent,
disvalue;precious,
divergent;precise,
divisive;precisely,
divisively;preeminent,
divisiveness;prefer,
dizzing;preferable,
dizzingly;preferably,
dizzy;prefered,
doddering;preferes,
dodgey;preferring,
dogged;prefers,
doggedly;premier,
dogmatic;prestige,
doldrums;prestigious,
domineer;prettily,
domineering;pretty,
donside;priceless,
doom;pride,
doomed;principled,
doomsday;privilege,
dope;privileged,
doubt;prize,
doubtful;proactive,
doubtfully;problem-free,
doubts;problem-solver,
douchbag;prodigious,
douchebag;prodigiously,
douchebags;prodigy,
downbeat;productive,
downcast;productively,
downer;proficient,
downfall;proficiently,
downfallen;profound,
downgrade;profoundly,
downhearted;profuse,
downheartedly;profusion,
downhill;progress,
downside;progressive,
downsides;prolific,
downturn;prominence,
downturns;prominent,
drab;promise,
draconian;promised,
draconic;promises,
drag;promising,
dragged;promoter,
dragging;prompt,
dragoon;promptly,
drags;proper,
drain;properly,
drained;propitious,
draining;propitiously,
drains;pros,
drastic;prosper,
drastically;prosperity,
drawback;prosperous,
drawbacks;prospros,
dread;protect,
dreadful;protection,
dreadfully;protective,
dreadfulness;proud,
dreary;proven,
dripped;proves,
dripping;providence,
drippy;proving,
drips;prowess,
drones;prudence,
droop;prudent,
droops;prudently,
drop-out;punctual,
drop-outs;pure,
dropout;purify,
dropouts;purposeful,
drought;quaint,
drowning;qualified,
drunk;qualify,
drunkard;quicker,
drunken;quiet,
dubious;quieter,
dubiously;radiance,
dubitable;radiant,
dud;rapid,
dull;rapport,
dullard;rapt,
dumb;rapture,
dumbfound;raptureous,
dump;raptureously,
dumped;rapturous,
dumping;rapturously,
dumps;rational,
dunce;razor-sharp,
dungeon;reachable,
dungeons;readable,
dupe;readily,
dust;ready,
dusty;reaffirm,
dwindling;reaffirmation,
dying;realistic,
earsplitting;realizable,
eccentric;reasonable,
eccentricity;reasonably,
effigy;reasoned,
effrontery;reassurance,
egocentric;reassure,
egomania;receptive,
egotism;reclaim,
egotistical;recomend,
egotistically;recommend,
egregious;recommendation,
egregiously;recommendations,
election-rigger;recommended,
elimination;reconcile,
emaciated;reconciliation,
emasculate;record-setting,
embarrass;recover,
embarrassing;recovery,
embarrassingly;rectification,
embarrassment;rectify,
embattled;rectifying,
embroil;redeem,
embroiled;redeeming,
embroilment;redemption,
emergency;refine,
emphatic;refined,
emphatically;refinement,
emptiness;reform,
encroach;reformed,
encroachment;reforming,
endanger;reforms,
enemies;refresh,
enemy;refreshed,
enervate;refreshing,
enfeeble;refund,
enflame;refunded,
engulf;regal,
enjoin;regally,
enmity;regard,
enrage;rejoice,
enraged;rejoicing,
enraging;rejoicingly,
enslave;rejuvenate,
entangle;rejuvenated,
entanglement;rejuvenating,
entrap;relaxed,
entrapment;relent,
envious;reliable,
enviously;reliably,
enviousness;relief,
epidemic;relish,
equivocal;remarkable,
erase;remarkably,
erode;remedy,
erodes;remission,
erosion;remunerate,
err;renaissance,
errant;renewed,
erratic;renown,
erratically;renowned,
erroneous;replaceable,
erroneously;reputable,
error;reputation,
errors;resilient,
eruptions;resolute,
escapade;resound,
eschew;resounding,
estranged;resourceful,
evade;resourcefulness,
evasion;respect,
evasive;respectable,
evil;respectful,
evildoer;respectfully,
evils;respite,
eviscerate;resplendent,
exacerbate;responsibly,
exagerate;responsive,
exagerated;restful,
exagerates;restored,
exaggerate;restructure,
exaggeration;restructured,
exasperate;restructuring,
exasperated;retractable,
exasperating;revel,
exasperatingly;revelation,
exasperation;revere,
excessive;reverence,
excessively;reverent,
exclusion;reverently,
excoriate;revitalize,
excruciating;revival,
excruciatingly;revive,
excuse;revives,
excuses;revolutionary,
execrate;revolutionize,
exhaust;revolutionized,
exhausted;revolutionizes,
exhaustion;reward,
exhausts;rewarding,
exhorbitant;rewardingly,
exhort;rich,
exile;richer,
exorbitant;richly,
exorbitantance;richness,
exorbitantly;right,
expel;righten,
expensive;righteous,
expire;righteously,
expired;righteousness,
explode;rightful,
exploit;rightfully,
exploitation;rightly,
explosive;rightness,
expropriate;risk-free,
expropriation;robust,
expulse;rock-star,
expunge;rock-stars,
exterminate;rockstar,
extermination;rockstars,
extinguish;romantic,
extort;romantically,
extortion;romanticize,
extraneous;roomier,
extravagance;roomy,
extravagant;rosy,
extravagantly;safe,
extremism;safely,
extremist;sagacity,
extremists;sagely,
eyesore;saint,
f**k;saintliness,
fabricate;saintly,
fabrication;salutary,
facetious;salute,
facetiously;sane,
fail;satisfactorily,
failed;satisfactory,
failing;satisfied,
fails;satisfies,
failure;satisfy,
failures;satisfying,
faint;satisified,
fainthearted;saver,
faithless;savings,
fake;savior,
fall;savvy,
fallacies;scenic,
fallacious;seamless,
fallaciously;seasoned,
fallaciousness;secure,
fallacy;securely,
fallen;selective,
falling;self-determination,
fallout;self-respect,
falls;self-satisfaction,
false;self-sufficiency,
falsehood;self-sufficient,
falsely;sensation,
falsify;sensational,
falter;sensationally,
faltered;sensations,
famine;sensible,
famished;sensibly,
fanatic;sensitive,
fanatical;serene,
fanatically;serenity,
fanaticism;sexy,
fanatics;sharp,
fanciful;sharper,
far-fetched;sharpest,
farce;shimmering,
farcical;shimmeringly,
farcical-yet-provocative;shine,
farcically;shiny,
farfetched;significant,
fascism;silent,
fascist;simpler,
fastidious;simplest,
fastidiously;simplified,
fastuous;simplifies,
fat;simplify,
fat-cat;simplifying,
fat-cats;sincere,
fatal;sincerely,
fatalistic;sincerity,
fatalistically;skill,
fatally;skilled,
fatcat;skillful,
fatcats;skillfully,
fateful;slammin,
fatefully;sleek,
fathomless;slick,
fatigue;smart,
fatigued;smarter,
fatique;smartest,
fatty;smartly,
fatuity;smile,
fatuous;smiles,
fatuously;smiling,
fault;smilingly,
faults;smitten,
faulty;smooth,
fawningly;smoother,
faze;smoothes,
fear;smoothest,
fearful;smoothly,
fearfully;snappy,
fears;snazzy,
fearsome;sociable,
feckless;soft,
feeble;softer,
feeblely;solace,
feebleminded;solicitous,
feign;solicitously,
feint;solid,
fell;solidarity,
felon;soothe,
felonious;soothingly,
ferociously;sophisticated,
ferocity;soulful,
fetid;soundly,
fever;soundness,
feverish;spacious,
fevers;sparkle,
fiasco;sparkling,
fib;spectacular,
fibber;spectacularly,
fickle;speedily,
fiction;speedy,
fictional;spellbind,
fictitious;spellbinding,
fidget;spellbindingly,
fidgety;spellbound,
fiend;spirited,
fiendish;spiritual,
fierce;splendid,
figurehead;splendidly,
filth;splendor,
filthy;spontaneous,
finagle;sporty,
finicky;spotless,
fissures;sprightly,
fist;stability,
flabbergast;stabilize,
flabbergasted;stable,
flagging;stainless,
flagrant;standout,
flagrantly;state-of-the-art,
flair;stately,
flairs;statuesque,
flak;staunch,
flake;staunchly,
flakey;staunchness,
flakieness;steadfast,
flaking;steadfastly,
flaky;steadfastness,
flare;steadiest,
flares;steadiness,
flareup;steady,
flareups;stellar,
flat-out;stellarly,
flaunt;stimulate,
flaw;stimulates,
flawed;stimulating,
flaws;stimulative,
flee;stirringly,
fleed;straighten,
fleeing;straightforward,
fleer;streamlined,
flees;striking,
fleeting;strikingly,
flicering;striving,
flicker;strong,
flickering;stronger,
flickers;strongest,
flighty;stunned,
flimflam;stunning,
flimsy;stunningly,
flirt;stupendous,
flirty;stupendously,
floored;sturdier,
flounder;sturdy,
floundering;stylish,
flout;stylishly,
fluster;stylized,
foe;suave,
fool;suavely,
fooled;sublime,
foolhardy;subsidize,
foolish;subsidized,
foolishly;subsidizes,
foolishness;subsidizing,
forbid;substantive,
forbidden;succeed,
forbidding;succeeded,
forceful;succeeding,
foreboding;succeeds,
forebodingly;succes,
forfeit;success,
forged;successes,
forgetful;successful,
forgetfully;successfully,
forgetfulness;suffice,
forlorn;sufficed,
forlornly;suffices,
forsake;sufficient,
forsaken;sufficiently,
forswear;suitable,
foul;sumptuous,
foully;sumptuously,
foulness;sumptuousness,
fractious;super,
fractiously;superb,
fracture;superbly,
fragile;superior,
fragmented;superiority,
frail;supple,
frantic;support,
frantically;supported,
franticly;supporter,
fraud;supporting,
fraudulent;supportive,
fraught;supports,
frazzle;supremacy,
frazzled;supreme,
freak;supremely,
freaking;supurb,
freakish;supurbly,
freakishly;surmount,
freaks;surpass,
freeze;surreal,
freezes;survival,
freezing;survivor,
frenetic;sustainability,
frenetically;sustainable,
frenzied;swank,
frenzy;swankier,
fret;swankiest,
fretful;swanky,
frets;sweeping,
friction;sweet,
frictions;sweeten,
fried;sweetheart,
friggin;sweetly,
frigging;sweetness,
fright;swift,
frighten;swiftness,
frightening;talent,
frighteningly;talented,
frightful;talents,
frightfully;tantalize,
frigid;tantalizing,
frost;tantalizingly,
frown;tempt,
froze;tempting,
frozen;temptingly,
fruitless;tenacious,
fruitlessly;tenaciously,
frustrate;tenacity,
frustrated;tender,
frustrates;tenderly,
frustrating;terrific,
frustratingly;terrifically,
frustration;thank,
frustrations;thankful,
fuck;thinner,
fucking;thoughtful,
fudge;thoughtfully,
fugitive;thoughtfulness,
full-blown;thrift,
fulminate;thrifty,
fumble;thrill,
fume;thrilled,
fumes;thrilling,
fundamentalism;thrillingly,
funky;thrills,
funnily;thrive,
funny;thriving,
furious;thumb-up,
furiously;thumbs-up,
furor;tickle,
fury;tidy,
fuss;time-honored,
fussy;timely,
fustigate;tingle,
fusty;titillate,
futile;titillating,
futilely;titillatingly,
futility;togetherness,
fuzzy;tolerable,
gabble;toll-free,
gaff;top,
gaffe;top-notch,
gainsay;top-quality,
gainsayer;topnotch,
gall;tops,
galling;tough,
gallingly;tougher,
galls;toughest,
gangster;traction,
gape;tranquil,
garbage;tranquility,
garish;transparent,
gasp;treasure,
gauche;tremendously,
gaudy;trendy,
gawk;triumph,
gawky;triumphal,
geezer;triumphant,
genocide;triumphantly,
get-rich;trivially,
ghastly;trophy,
ghetto;trouble-free,
ghosting;trump,
gibber;trumpet,
gibberish;trust,
gibe;trusted,
giddy;trusting,
gimmick;trustingly,
gimmicked;trustworthiness,
gimmicking;trustworthy,
gimmicks;trusty,
gimmicky;truthful,
glare;truthfully,
glaringly;truthfulness,
glib;twinkly,
glibly;ultra-crisp,
glitch;unabashed,
glitches;unabashedly,
gloatingly;unaffected,
gloom;unassailable,
gloomy;unbeatable,
glower;unbiased,
glum;unbound,
glut;uncomplicated,
gnawing;unconditional,
goad;undamaged,
goading;undaunted,
god-awful;understandable,
goof;undisputable,
goofy;undisputably,
goon;undisputed,
gossip;unencumbered,
graceless;unequivocal,
gracelessly;unequivocally,
graft;unfazed,
grainy;unfettered,
grapple;unforgettable,
grate;unity,
grating;unlimited,
gravely;unmatched,
greasy;unparalleled,
greed;unquestionable,
greedy;unquestionably,
grief;unreal,
grievance;unrestricted,
grievances;unrivaled,
grieve;unselfish,
grieving;unwavering,
grievous;upbeat,
grievously;upgradable,
grim;upgradeable,
grimace;upgraded,
grind;upheld,
gripe;uphold,
gripes;uplift,
grisly;uplifting,
gritty;upliftingly,
gross;upliftment,
grossly;upscale,
grotesque;usable,
grouch;useable,
grouchy;useful,
groundless;user-friendly,
grouse;user-replaceable,
growl;valiant,
grudge;valiantly,
grudges;valor,
grudging;valuable,
grudgingly;variety,
gruesome;venerate,
gruesomely;verifiable,
gruff;veritable,
grumble;versatile,
grumpier;versatility,
grumpiest;vibrant,
grumpily;vibrantly,
grumpish;victorious,
grumpy;victory,
guile;viewable,
guilt;vigilance,
guiltily;vigilant,
guilty;virtue,
gullible;virtuous,
gutless;virtuously,
gutter;visionary,
hack;vivacious,
hacks;vivid,
haggard;vouch,
haggle;vouchsafe,
hairloss;warm,
halfhearted;warmer,
halfheartedly;warmhearted,
hallucinate;warmly,
hallucination;warmth,
hamper;wealthy,
hampered;welcome,
handicapped;well,
hang;well-backlit,
hangs;well-balanced,
haphazard;well-behaved,
hapless;well-being,
harangue;well-bred,
harass;well-connected,
harassed;well-educated,
harasses;well-established,
harassment;well-informed,
harboring;well-intentioned,
harbors;well-known,
hard;well-made,
hard-hit;well-managed,
hard-line;well-mannered,
hard-liner;well-positioned,
hardball;well-received,
harden;well-regarded,
hardened;well-rounded,
hardheaded;well-run,
hardhearted;well-wishers,
hardliner;wellbeing,
hardliners;whoa,
hardship;wholeheartedly,
hardships;wholesome,
harm;whooa,
harmed;whoooa,
harmful;wieldy,
harms;willing,
harpy;willingly,
harridan;willingness,
harried;win,
harrow;windfall,
harsh;winnable,
harshly;winner,
hasseling;winners,
hassle;winning,
hassled;wins,
hassles;wisdom,
haste;wise,
hastily;wisely,
hasty;witty,
hate;won,
hated;wonder,
hateful;wonderful,
hatefully;wonderfully,
hatefulness;wonderous,
hater;wonderously,
haters;wonders,
hates;wondrous,
hating;woo,
hatred;work,
haughtily;workable,
haughty;worked,
haunt;works,
haunting;world-famous,
havoc;worth,
hawkish;worth-while,
haywire;worthiness,
hazard;worthwhile,
hazardous;worthy,
haze;wow,
hazy;wowed,
head-aches;wowing,
headache;wows,
headaches;yay,
heartbreaker;youthful,
heartbreaking;zeal,
heartbreakingly;zenith,
heartless;zest,
heathen;zippy,
heavy-handed;
heavyhearted;
heck;
heckle;
heckled;
heckles;
hectic;
hedge;
hedonistic;
heedless;
hefty;
hegemonism;
hegemonistic;
hegemony;
heinous;
hell;
hell-bent;
hellion;
hells;
helpless;
helplessly;
helplessness;
heresy;
heretic;
heretical;
hesitant;
hestitant;
hideous;
hideously;
hideousness;
high-priced;
hiliarious;
hinder;
hindrance;
hiss;
hissed;
hissing;
ho-hum;
hoard;
hoax;
hobble;
hogs;
hollow;
hoodium;
hoodwink;
hooligan;
hopeless;
hopelessly;
hopelessness;
horde;
horrendous;
horrendously;
horrible;
horrid;
horrific;
horrified;
horrifies;
horrify;
horrifying;
horrifys;
hostage;
hostile;
hostilities;
hostility;
hotbeds;
hothead;
hotheaded;
hothouse;
hubris;
huckster;
hum;
humid;
humiliate;
humiliating;
humiliation;
humming;
hung;
hurt;
hurted;
hurtful;
hurting;
hurts;
hustler;
hype;
hypocricy;
hypocrisy;
hypocrite;
hypocrites;
hypocritical;
hypocritically;
hysteria;
hysteric;
hysterical;
hysterically;
hysterics;
idiocies;
idiocy;
idiot;
idiotic;
idiotically;
idiots;
idle;
ignoble;
ignominious;
ignominiously;
ignominy;
ignorance;
ignorant;
ignore;
ill-advised;
ill-conceived;
ill-defined;
ill-designed;
ill-fated;
ill-favored;
ill-formed;
ill-mannered;
ill-natured;
ill-sorted;
ill-tempered;
ill-treated;
ill-treatment;
ill-usage;
ill-used;
illegal;
illegally;
illegitimate;
illicit;
illiterate;
illness;
illogic;
illogical;
illogically;
illusion;
illusions;
illusory;
imaginary;
imbalance;
imbecile;
imbroglio;
immaterial;
immature;
imminence;
imminently;
immobilized;
immoderate;
immoderately;
immodest;
immoral;
immorality;
immorally;
immovable;
impair;
impaired;
impasse;
impatience;
impatient;
impatiently;
impeach;
impedance;
impede;
impediment;
impending;
impenitent;
imperfect;
imperfection;
imperfections;
imperfectly;
imperialist;
imperil;
imperious;
imperiously;
impermissible;
impersonal;
impertinent;
impetuous;
impetuously;
impiety;
impinge;
impious;
implacable;
implausible;
implausibly;
implicate;
implication;
implode;
impolite;
impolitely;
impolitic;
importunate;
importune;
impose;
imposers;
imposing;
imposition;
impossible;
impossiblity;
impossibly;
impotent;
impoverish;
impoverished;
impractical;
imprecate;
imprecise;
imprecisely;
imprecision;
imprison;
imprisonment;
improbability;
improbable;
improbably;
improper;
improperly;
impropriety;
imprudence;
imprudent;
impudence;
impudent;
impudently;
impugn;
impulsive;
impulsively;
impunity;
impure;
impurity;
inability;
inaccuracies;
inaccuracy;
inaccurate;
inaccurately;
inaction;
inactive;
inadequacy;
inadequate;
inadequately;
inadverent;
inadverently;
inadvisable;
inadvisably;
inane;
inanely;
inappropriate;
inappropriately;
inapt;
inaptitude;
inarticulate;
inattentive;
inaudible;
incapable;
incapably;
incautious;
incendiary;
incense;
incessant;
incessantly;
incite;
incitement;
incivility;
inclement;
incognizant;
incoherence;
incoherent;
incoherently;
incommensurate;
incomparable;
incomparably;
incompatability;
incompatibility;
incompatible;
incompetence;
incompetent;
incompetently;
incomplete;
incompliant;
incomprehensible;
incomprehension;
inconceivable;
inconceivably;
incongruous;
incongruously;
inconsequent;
inconsequential;
inconsequentially;
inconsequently;
inconsiderate;
inconsiderately;
inconsistence;
inconsistencies;
inconsistency;
inconsistent;
inconsolable;
inconsolably;
inconstant;
inconvenience;
inconveniently;
incorrect;
incorrectly;
incorrigible;
incorrigibly;
incredulous;
incredulously;
inculcate;
indecency;
indecent;
indecently;
indecision;
indecisive;
indecisively;
indecorum;
indefensible;
indelicate;
indeterminable;
indeterminably;
indeterminate;
indifference;
indifferent;
indigent;
indignant;
indignantly;
indignation;
indignity;
indiscernible;
indiscreet;
indiscreetly;
indiscretion;
indiscriminate;
indiscriminately;
indiscriminating;
indistinguishable;
indoctrinate;
indoctrination;
indolent;
indulge;
ineffective;
ineffectively;
ineffectiveness;
ineffectual;
ineffectually;
ineffectualness;
inefficacious;
inefficacy;
inefficiency;
inefficient;
inefficiently;
inelegance;
inelegant;
ineligible;
ineloquent;
ineloquently;
inept;
ineptitude;
ineptly;
inequalities;
inequality;
inequitable;
inequitably;
inequities;
inescapable;
inescapably;
inessential;
inevitable;
inevitably;
inexcusable;
inexcusably;
inexorable;
inexorably;
inexperience;
inexperienced;
inexpert;
inexpertly;
inexpiable;
inexplainable;
inextricable;
inextricably;
infamous;
infamously;
infamy;
infected;
infection;
infections;
inferior;
inferiority;
infernal;
infest;
infested;
infidel;
infidels;
infiltrator;
infiltrators;
infirm;
inflame;
inflammation;
inflammatory;
inflammed;
inflated;
inflationary;
inflexible;
inflict;
infraction;
infringe;
infringement;
infringements;
infuriate;
infuriated;
infuriating;
infuriatingly;
inglorious;
ingrate;
ingratitude;
inhibit;
inhibition;
inhospitable;
inhospitality;
inhuman;
inhumane;
inhumanity;
inimical;
inimically;
iniquitous;
iniquity;
injudicious;
injure;
injurious;
injury;
injustice;
injustices;
innuendo;
inoperable;
inopportune;
inordinate;
inordinately;
insane;
insanely;
insanity;
insatiable;
insecure;
insecurity;
insensible;
insensitive;
insensitively;
insensitivity;
insidious;
insidiously;
insignificance;
insignificant;
insignificantly;
insincere;
insincerely;
insincerity;
insinuate;
insinuating;
insinuation;
insociable;
insolence;
insolent;
insolently;
insolvent;
insouciance;
instability;
instable;
instigate;
instigator;
instigators;
insubordinate;
insubstantial;
insubstantially;
insufferable;
insufferably;
insufficiency;
insufficient;
insufficiently;
insular;
insult;
insulted;
insulting;
insultingly;
insults;
insupportable;
insupportably;
insurmountable;
insurmountably;
insurrection;
intefere;
inteferes;
intense;
interfere;
interference;
interferes;
intermittent;
interrupt;
interruption;
interruptions;
intimidate;
intimidating;
intimidatingly;
intimidation;
intolerable;
intolerablely;
intolerance;
intoxicate;
intractable;
intransigence;
intransigent;
intrude;
intrusion;
intrusive;
inundate;
inundated;
invader;
invalid;
invalidate;
invalidity;
invasive;
invective;
inveigle;
invidious;
invidiously;
invidiousness;
invisible;
involuntarily;
involuntary;
irascible;
irate;
irately;
ire;
irk;
irked;
irking;
irks;
irksome;
irksomely;
irksomeness;
irksomenesses;
ironic;
ironical;
ironically;
ironies;
irony;
irragularity;
irrational;
irrationalities;
irrationality;
irrationally;
irrationals;
irreconcilable;
irrecoverable;
irrecoverableness;
irrecoverablenesses;
irrecoverably;
irredeemable;
irredeemably;
irreformable;
irregular;
irregularity;
irrelevance;
irrelevant;
irreparable;
irreplacible;
irrepressible;
irresolute;
irresolvable;
irresponsible;
irresponsibly;
irretating;
irretrievable;
irreversible;
irritable;
irritably;
irritant;
irritate;
irritated;
irritating;
irritation;
irritations;
isolate;
isolated;
isolation;
issue;
issues;
itch;
itching;
itchy;
jabber;
jaded;
jagged;
jam;
jarring;
jaundiced;
jealous;
jealously;
jealousness;
jealousy;
jeer;
jeering;
jeeringly;
jeers;
jeopardize;
jeopardy;
jerk;
jerky;
jitter;
jitters;
jittery;
job-killing;
jobless;
joke;
joker;
jolt;
judder;
juddering;
judders;
jumpy;
junk;
junky;
junkyard;
jutter;
jutters;
kaput;
kill;
killed;
killer;
killing;
killjoy;
kills;
knave;
knife;
knock;
knotted;
kook;
kooky;
lack;
lackadaisical;
lacked;
lackey;
lackeys;
lacking;
lackluster;
lacks;
laconic;
lag;
lagged;
lagging;
laggy;
lags;
laid-off;
lambast;
lambaste;
lame;
lame-duck;
lament;
lamentable;
lamentably;
languid;
languish;
languor;
languorous;
languorously;
lanky;
lapse;
lapsed;
lapses;
lascivious;
last-ditch;
latency;
laughable;
laughably;
laughingstock;
lawbreaker;
lawbreaking;
lawless;
lawlessness;
layoff;
layoff-happy;
lazy;
leak;
leakage;
leakages;
leaking;
leaks;
leaky;
lech;
lecher;
lecherous;
lechery;
leech;
leer;
leery;
left-leaning;
lemon;
lengthy;
less-developed;
lesser-known;
letch;
lethal;
lethargic;
lethargy;
lewd;
lewdly;
lewdness;
liability;
liable;
liar;
liars;
licentious;
licentiously;
licentiousness;
lie;
lied;
lier;
lies;
life-threatening;
lifeless;
limit;
limitation;
limitations;
limited;
limits;
limp;
listless;
litigious;
little-known;
livid;
lividly;
loath;
loathe;
loathing;
loathly;
loathsome;
loathsomely;
lone;
loneliness;
lonely;
loner;
lonesome;
long-time;
long-winded;
longing;
longingly;
loophole;
loopholes;
loose;
loot;
lorn;
lose;
loser;
losers;
loses;
losing;
loss;
losses;
lost;
loud;
louder;
lousy;
loveless;
lovelorn;
low-rated;
lowly;
ludicrous;
ludicrously;
lugubrious;
lukewarm;
lull;
lumpy;
lunatic;
lunaticism;
lurch;
lure;
lurid;
lurk;
lurking;
lying;
macabre;
mad;
madden;
maddening;
maddeningly;
madder;
madly;
madman;
madness;
maladjusted;
maladjustment;
malady;
malaise;
malcontent;
malcontented;
maledict;
malevolence;
malevolent;
malevolently;
malice;
malicious;
maliciously;
maliciousness;
malign;
malignant;
malodorous;
maltreatment;
mangle;
mangled;
mangles;
mangling;
mania;
maniac;
maniacal;
manic;
manipulate;
manipulation;
manipulative;
manipulators;
mar;
marginal;
marginally;
martyrdom;
martyrdom-seeking;
mashed;
massacre;
massacres;
matte;
mawkish;
mawkishly;
mawkishness;
meager;
meaningless;
meanness;
measly;
meddle;
meddlesome;
mediocre;
mediocrity;
melancholy;
melodramatic;
melodramatically;
meltdown;
menace;
menacing;
menacingly;
mendacious;
mendacity;
menial;
merciless;
mercilessly;
mess;
messed;
messes;
messing;
messy;
midget;
miff;
militancy;
mindless;
mindlessly;
mirage;
mire;
misalign;
misaligned;
misaligns;
misapprehend;
misbecome;
misbecoming;
misbegotten;
misbehave;
misbehavior;
miscalculate;
miscalculation;
miscellaneous;
mischief;
mischievous;
mischievously;
misconception;
misconceptions;
miscreant;
miscreants;
misdirection;
miser;
miserable;
miserableness;
miserably;
miseries;
miserly;
misery;
misfit;
misfortune;
misgiving;
misgivings;
misguidance;
misguide;
misguided;
mishandle;
mishap;
misinform;
misinformed;
misinterpret;
misjudge;
misjudgment;
mislead;
misleading;
misleadingly;
mislike;
mismanage;
mispronounce;
mispronounced;
mispronounces;
misread;
misreading;
misrepresent;
misrepresentation;
miss;
missed;
misses;
misstatement;
mist;
mistake;
mistaken;
mistakenly;
mistakes;
mistified;
mistress;
mistrust;
mistrustful;
mistrustfully;
mists;
misunderstand;
misunderstanding;
misunderstandings;
misunderstood;
misuse;
moan;
mobster;
mock;
mocked;
mockeries;
mockery;
mocking;
mockingly;
mocks;
molest;
molestation;
monotonous;
monotony;
monster;
monstrosities;
monstrosity;
monstrous;
monstrously;
moody;
moot;
mope;
morbid;
morbidly;
mordant;
mordantly;
moribund;
moron;
moronic;
morons;
mortification;
mortified;
mortify;
mortifying;
motionless;
motley;
mourn;
mourner;
mournful;
mournfully;
muddle;
muddy;
mudslinger;
mudslinging;
mulish;
multi-polarization;
mundane;
murder;
murderer;
murderous;
murderously;
murky;
muscle-flexing;
mushy;
musty;
mysterious;
mysteriously;
mystery;
mystify;
myth;
nag;
nagging;
naive;
naively;
narrower;
nastily;
nastiness;
nasty;
naughty;
nauseate;
nauseates;
nauseating;
nauseatingly;
na?ve;
nebulous;
nebulously;
needless;
needlessly;
needy;
nefarious;
nefariously;
negate;
negation;
negative;
negatives;
negativity;
neglect;
neglected;
negligence;
negligent;
nemesis;
nepotism;
nervous;
nervously;
nervousness;
nettle;
nettlesome;
neurotic;
neurotically;
niggle;
niggles;
nightmare;
nightmarish;
nightmarishly;
nitpick;
nitpicking;
noise;
noises;
noisier;
noisy;
non-confidence;
nonexistent;
nonresponsive;
nonsense;
nosey;
notoriety;
notorious;
notoriously;
noxious;
nuisance;
numb;
obese;
object;
objection;
objectionable;
objections;
oblique;
obliterate;
obliterated;
oblivious;
obnoxious;
obnoxiously;
obscene;
obscenely;
obscenity;
obscure;
obscured;
obscures;
obscurity;
obsess;
obsessive;
obsessively;
obsessiveness;
obsolete;
obstacle;
obstinate;
obstinately;
obstruct;
obstructed;
obstructing;
obstruction;
obstructs;
obtrusive;
obtuse;
occlude;
occluded;
occludes;
occluding;
odd;
odder;
oddest;
oddities;
oddity;
oddly;
odor;
offence;
offend;
offender;
offending;
offenses;
offensive;
offensively;
offensiveness;
officious;
ominous;
ominously;
omission;
omit;
one-sided;
onerous;
onerously;
onslaught;
opinionated;
opponent;
opportunistic;
oppose;
opposition;
oppositions;
oppress;
oppression;
oppressive;
oppressively;
oppressiveness;
oppressors;
ordeal;
orphan;
ostracize;
outbreak;
outburst;
outbursts;
outcast;
outcry;
outlaw;
outmoded;
outrage;
outraged;
outrageous;
outrageously;
outrageousness;
outrages;
outsider;
over-acted;
over-awe;
over-balanced;
over-hyped;
over-priced;
over-valuation;
overact;
overacted;
overawe;
overbalance;
overbalanced;
overbearing;
overbearingly;
overblown;
overdo;
overdone;
overdue;
overemphasize;
overheat;
overkill;
overloaded;
overlook;
overpaid;
overpayed;
overplay;
overpower;
overpriced;
overrated;
overreach;
overrun;
overshadow;
oversight;
oversights;
oversimplification;
oversimplified;
oversimplify;
oversize;
overstate;
overstated;
overstatement;
overstatements;
overstates;
overtaxed;
overthrow;
overthrows;
overturn;
overweight;
overwhelm;
overwhelmed;
overwhelming;
overwhelmingly;
overwhelms;
overzealous;
overzealously;
overzelous;
pain;
painful;
painfull;
painfully;
pains;
pale;
pales;
paltry;
pan;
pandemonium;
pander;
pandering;
panders;
panic;
panick;
panicked;
panicking;
panicky;
paradoxical;
paradoxically;
paralize;
paralyzed;
paranoia;
paranoid;
parasite;
pariah;
parody;
partiality;
partisan;
partisans;
passe;
passive;
passiveness;
pathetic;
pathetically;
patronize;
paucity;
pauper;
paupers;
payback;
peculiar;
peculiarly;
pedantic;
peeled;
peeve;
peeved;
peevish;
peevishly;
penalize;
penalty;
perfidious;
perfidity;
perfunctory;
peril;
perilous;
perilously;
perish;
pernicious;
perplex;
perplexed;
perplexing;
perplexity;
persecute;
persecution;
pertinacious;
pertinaciously;
pertinacity;
perturb;
perturbed;
pervasive;
perverse;
perversely;
perversion;
perversity;
pervert;
perverted;
perverts;
pessimism;
pessimistic;
pessimistically;
pest;
pestilent;
petrified;
petrify;
pettifog;
petty;
phobia;
phobic;
phony;
picket;
picketed;
picketing;
pickets;
picky;
pig;
pigs;
pillage;
pillory;
pimple;
pinch;
pique;
pitiable;
pitiful;
pitifully;
pitiless;
pitilessly;
pittance;
pity;
plagiarize;
plague;
plasticky;
plaything;
plea;
pleas;
plebeian;
plight;
plot;
plotters;
ploy;
plunder;
plunderer;
pointless;
pointlessly;
poison;
poisonous;
poisonously;
pokey;
poky;
polarisation;
polemize;
pollute;
polluter;
polluters;
polution;
pompous;
poor;
poorer;
poorest;
poorly;
posturing;
pout;
poverty;
powerless;
prate;
pratfall;
prattle;
precarious;
precariously;
precipitate;
precipitous;
predatory;
predicament;
prejudge;
prejudice;
prejudices;
prejudicial;
premeditated;
preoccupy;
preposterous;
preposterously;
presumptuous;
presumptuously;
pretence;
pretend;
pretense;
pretentious;
pretentiously;
prevaricate;
pricey;
pricier;
prick;
prickle;
prickles;
prideful;
prik;
primitive;
prison;
prisoner;
problem;
problematic;
problems;
procrastinate;
procrastinates;
procrastination;
profane;
profanity;
prohibit;
prohibitive;
prohibitively;
propaganda;
propagandize;
proprietary;
prosecute;
protest;
protested;
protesting;
protests;
protracted;
provocation;
provocative;
provoke;
pry;
pugnacious;
pugnaciously;
pugnacity;
punch;
punish;
punishable;
punitive;
punk;
puny;
puppet;
puppets;
puzzled;
puzzlement;
puzzling;
quack;
qualm;
qualms;
quandary;
quarrel;
quarrellous;
quarrellously;
quarrels;
quarrelsome;
quash;
queer;
questionable;
quibble;
quibbles;
quitter;
rabid;
racism;
racist;
racists;
racy;
radical;
radicalization;
radically;
radicals;
rage;
ragged;
raging;
rail;
raked;
rampage;
rampant;
ramshackle;
rancor;
randomly;
rankle;
rant;
ranted;
ranting;
rantingly;
rants;
rape;
raped;
raping;
rascal;
rascals;
rash;
rattle;
rattled;
rattles;
ravage;
raving;
reactionary;
rebellious;
rebuff;
rebuke;
recalcitrant;
recant;
recession;
recessionary;
reckless;
recklessly;
recklessness;
recoil;
recourses;
redundancy;
redundant;
refusal;
refuse;
refused;
refuses;
refusing;
refutation;
refute;
refuted;
refutes;
refuting;
regress;
regression;
regressive;
regret;
regreted;
regretful;
regretfully;
regrets;
regrettable;
regrettably;
regretted;
reject;
rejected;
rejecting;
rejection;
rejects;
relapse;
relentless;
relentlessly;
relentlessness;
reluctance;
reluctant;
reluctantly;
remorse;
remorseful;
remorsefully;
remorseless;
remorselessly;
remorselessness;
renounce;
renunciation;
repel;
repetitive;
reprehensible;
reprehensibly;
reprehension;
reprehensive;
repress;
repression;
repressive;
reprimand;
reproach;
reproachful;
reprove;
reprovingly;
repudiate;
repudiation;
repugn;
repugnance;
repugnant;
repugnantly;
repulse;
repulsed;
repulsing;
repulsive;
repulsively;
repulsiveness;
resent;
resentful;
resentment;
resignation;
resigned;
resistance;
restless;
restlessness;
restrict;
restricted;
restriction;
restrictive;
resurgent;
retaliate;
retaliatory;
retard;
retarded;
retardedness;
retards;
reticent;
retract;
retreat;
retreated;
revenge;
revengeful;
revengefully;
revert;
revile;
reviled;
revoke;
revolt;
revolting;
revoltingly;
revulsion;
revulsive;
rhapsodize;
rhetoric;
rhetorical;
ricer;
ridicule;
ridicules;
ridiculous;
ridiculously;
rife;
rift;
rifts;
rigid;
rigidity;
rigidness;
rile;
riled;
rip;
rip-off;
ripoff;
ripped;
risk;
risks;
risky;
rival;
rivalry;
roadblocks;
rocky;
rogue;
rollercoaster;
rot;
rotten;
rough;
rremediable;
rubbish;
rude;
rue;
ruffian;
ruffle;
ruin;
ruined;
ruining;
ruinous;
ruins;
rumbling;
rumor;
rumors;
rumours;
rumple;
run-down;
runaway;
rupture;
rust;
rusts;
rusty;
rut;
ruthless;
ruthlessly;
ruthlessness;
ruts;
sabotage;
sack;
sacrificed;
sad;
sadden;
sadly;
sadness;
sag;
sagged;
sagging;
saggy;
sags;
salacious;
sanctimonious;
sap;
sarcasm;
sarcastic;
sarcastically;
sardonic;
sardonically;
sass;
satirical;
satirize;
savage;
savaged;
savagery;
savages;
scaly;
scam;
scams;
scandal;
scandalize;
scandalized;
scandalous;
scandalously;
scandals;
scandel;
scandels;
scant;
scapegoat;
scar;
scarce;
scarcely;
scarcity;
scare;
scared;
scarier;
scariest;
scarily;
scarred;
scars;
scary;
scathing;
scathingly;
sceptical;
scoff;
scoffingly;
scold;
scolded;
scolding;
scoldingly;
scorching;
scorchingly;
scorn;
scornful;
scornfully;
scoundrel;
scourge;
scowl;
scramble;
scrambled;
scrambles;
scrambling;
scrap;
scratch;
scratched;
scratches;
scratchy;
scream;
screech;
screw-up;
screwed;
screwed-up;
screwy;
scuff;
scuffs;
scum;
scummy;
second-class;
second-tier;
secretive;
sedentary;
seedy;
seethe;
seething;
self-coup;
self-criticism;
self-defeating;
self-destructive;
self-humiliation;
self-interest;
self-interested;
self-serving;
selfinterested;
selfish;
selfishly;
selfishness;
semi-retarded;
senile;
sensationalize;
senseless;
senselessly;
seriousness;
sermonize;
servitude;
set-up;
setback;
setbacks;
sever;
severe;
severity;
sh*t;
shabby;
shadowy;
shady;
shake;
shaky;
shallow;
sham;
shambles;
shame;
shameful;
shamefully;
shamefulness;
shameless;
shamelessly;
shamelessness;
shark;
sharply;
shatter;
shemale;
shimmer;
shimmy;
shipwreck;
shirk;
shirker;
shit;
shiver;
shock;
shocked;
shocking;
shockingly;
shoddy;
short-lived;
shortage;
shortchange;
shortcoming;
shortcomings;
shortness;
shortsighted;
shortsightedness;
showdown;
shrew;
shriek;
shrill;
shrilly;
shrivel;
shroud;
shrouded;
shrug;
shun;
shunned;
sick;
sicken;
sickening;
sickeningly;
sickly;
sickness;
sidetrack;
sidetracked;
siege;
sillily;
silly;
simplistic;
simplistically;
sin;
sinful;
sinfully;
sinister;
sinisterly;
sink;
sinking;
skeletons;
skeptic;
skeptical;
skeptically;
skepticism;
sketchy;
skimpy;
skinny;
skittish;
skittishly;
skulk;
slack;
slander;
slanderer;
slanderous;
slanderously;
slanders;
slap;
slashing;
slaughter;
slaughtered;
slave;
slaves;
sleazy;
slime;
slog;
slogged;
slogging;
slogs;
sloooooooooooooow;
sloooow;
slooow;
sloow;
sloppily;
sloppy;
sloth;
slothful;
slow;
slow-moving;
slowed;
slower;
slowest;
slowly;
sloww;
slowww;
slowwww;
slug;
sluggish;
slump;
slumping;
slumpping;
slur;
slut;
sluts;
sly;
smack;
smallish;
smash;
smear;
smell;
smelled;
smelling;
smells;
smelly;
smelt;
smoke;
smokescreen;
smolder;
smoldering;
smother;
smoulder;
smouldering;
smudge;
smudged;
smudges;
smudging;
smug;
smugly;
smut;
smuttier;
smuttiest;
smutty;
snag;
snagged;
snagging;
snags;
snappish;
snappishly;
snare;
snarky;
snarl;
sneak;
sneakily;
sneaky;
sneer;
sneering;
sneeringly;
snob;
snobbish;
snobby;
snobish;
snobs;
snub;
so-cal;
soapy;
sob;
sober;
sobering;
solemn;
solicitude;
somber;
sore;
sorely;
soreness;
sorrow;
sorrowful;
sorrowfully;
sorry;
sour;
sourly;
spade;
spank;
spendy;
spew;
spewed;
spewing;
spews;
spilling;
spinster;
spiritless;
spite;
spiteful;
spitefully;
spitefulness;
splatter;
split;
splitting;
spoil;
spoilage;
spoilages;
spoiled;
spoilled;
spoils;
spook;
spookier;
spookiest;
spookily;
spooky;
spoon-fed;
spoon-feed;
spoonfed;
sporadic;
spotty;
spurious;
spurn;
sputter;
squabble;
squabbling;
squander;
squash;
squeak;
squeaks;
squeaky;
squeal;
squealing;
squeals;
squirm;
stab;
stagnant;
stagnate;
stagnation;
staid;
stain;
stains;
stale;
stalemate;
stall;
stalls;
stammer;
stampede;
standstill;
stark;
starkly;
startle;
startling;
startlingly;
starvation;
starve;
static;
steal;
stealing;
steals;
steep;
steeply;
stench;
stereotype;
stereotypical;
stereotypically;
stern;
stew;
sticky;
stiff;
stiffness;
stifle;
stifling;
stiflingly;
stigma;
stigmatize;
sting;
stinging;
stingingly;
stingy;
stink;
stinks;
stodgy;
stole;
stolen;
stooge;
stooges;
stormy;
straggle;
straggler;
strain;
strained;
straining;
strange;
strangely;
stranger;
strangest;
strangle;
streaky;
strenuous;
stress;
stresses;
stressful;
stressfully;
stricken;
strict;
strictly;
strident;
stridently;
strife;
strike;
stringent;
stringently;
struck;
struggle;
struggled;
struggles;
struggling;
strut;
stubborn;
stubbornly;
stubbornness;
stuck;
stuffy;
stumble;
stumbled;
stumbles;
stump;
stumped;
stumps;
stun;
stunt;
stunted;
stupid;
stupidest;
stupidity;
stupidly;
stupified;
stupify;
stupor;
stutter;
stuttered;
stuttering;
stutters;
sty;
stymied;
sub-par;
subdued;
subjected;
subjection;
subjugate;
subjugation;
submissive;
subordinate;
subpoena;
subpoenas;
subservience;
subservient;
substandard;
subtract;
subversion;
subversive;
subversively;
subvert;
succumb;
suck;
sucked;
sucker;
sucks;
sucky;
sue;
sued;
sueing;
sues;
suffer;
suffered;
sufferer;
sufferers;
suffering;
suffers;
suffocate;
sugar-coat;
sugar-coated;
sugarcoated;
suicidal;
suicide;
sulk;
sullen;
sully;
sunder;
sunk;
sunken;
superficial;
superficiality;
superficially;
superfluous;
superstition;
superstitious;
suppress;
suppression;
surrender;
susceptible;
suspect;
suspicion;
suspicions;
suspicious;
suspiciously;
swagger;
swamped;
sweaty;
swelled;
swelling;
swindle;
swipe;
swollen;
symptom;
symptoms;
syndrome;
taboo;
tacky;
taint;
tainted;
tamper;
tangle;
tangled;
tangles;
tank;
tanked;
tanks;
tantrum;
tardy;
tarnish;
tarnished;
tarnishes;
tarnishing;
tattered;
taunt;
taunting;
tauntingly;
taunts;
taut;
tawdry;
taxing;
tease;
teasingly;
tedious;
tediously;
temerity;
temper;
tempest;
temptation;
tenderness;
tense;
tension;
tentative;
tentatively;
tenuous;
tenuously;
tepid;
terrible;
terribleness;
terribly;
terror;
terror-genic;
terrorism;
terrorize;
testily;
testy;
tetchily;
tetchy;
thankless;
thicker;
thirst;
thorny;
thoughtless;
thoughtlessly;
thoughtlessness;
thrash;
threat;
threaten;
threatening;
threats;
threesome;
throb;
throbbed;
throbbing;
throbs;
throttle;
thug;
thumb-down;
thumbs-down;
thwart;
time-consuming;
timid;
timidity;
timidly;
timidness;
tin-y;
tingled;
tingling;
tired;
tiresome;
tiring;
tiringly;
toil;
toll;
top-heavy;
topple;
torment;
tormented;
torrent;
tortuous;
torture;
tortured;
tortures;
torturing;
torturous;
torturously;
totalitarian;
touchy;
toughness;
tout;
touted;
touts;
toxic;
traduce;
tragedy;
tragic;
tragically;
traitor;
traitorous;
traitorously;
tramp;
trample;
transgress;
transgression;
trap;
traped;
trapped;
trash;
trashed;
trashy;
trauma;
traumatic;
traumatically;
traumatize;
traumatized;
travesties;
travesty;
treacherous;
treacherously;
treachery;
treason;
treasonous;
trick;
tricked;
trickery;
tricky;
trivial;
trivialize;
trouble;
troubled;
troublemaker;
troubles;
troublesome;
troublesomely;
troubling;
troublingly;
truant;
tumble;
tumbled;
tumbles;
tumultuous;
turbulent;
turmoil;
twist;
twisted;
twists;
two-faced;
two-faces;
tyrannical;
tyrannically;
tyranny;
tyrant;
ugh;
uglier;
ugliest;
ugliness;
ugly;
ulterior;
ultimatum;
ultimatums;
ultra-hardline;
un-viewable;
unable;
unacceptable;
unacceptablely;
unacceptably;
unaccessible;
unaccustomed;
unachievable;
unaffordable;
unappealing;
unattractive;
unauthentic;
unavailable;
unavoidably;
unbearable;
unbearablely;
unbelievable;
unbelievably;
uncaring;
uncertain;
uncivil;
uncivilized;
unclean;
unclear;
uncollectible;
uncomfortable;
uncomfortably;
uncomfy;
uncompetitive;
uncompromising;
uncompromisingly;
unconfirmed;
unconstitutional;
uncontrolled;
unconvincing;
unconvincingly;
uncooperative;
uncouth;
uncreative;
undecided;
undefined;
undependability;
undependable;
undercut;
undercuts;
undercutting;
underdog;
underestimate;
underlings;
undermine;
undermined;
undermines;
undermining;
underpaid;
underpowered;
undersized;
undesirable;
undetermined;
undid;
undignified;
undissolved;
undocumented;
undone;
undue;
unease;
uneasily;
uneasiness;
uneasy;
uneconomical;
unemployed;
unequal;
unethical;
uneven;
uneventful;
unexpected;
unexpectedly;
unexplained;
unfairly;
unfaithful;
unfaithfully;
unfamiliar;
unfavorable;
unfeeling;
unfinished;
unfit;
unforeseen;
unforgiving;
unfortunate;
unfortunately;
unfounded;
unfriendly;
unfulfilled;
unfunded;
ungovernable;
ungrateful;
unhappily;
unhappiness;
unhappy;
unhealthy;
unhelpful;
unilateralism;
unimaginable;
unimaginably;
unimportant;
uninformed;
uninsured;
unintelligible;
unintelligile;
unipolar;
unjust;
unjustifiable;
unjustifiably;
unjustified;
unjustly;
unkind;
unkindly;
unknown;
unlamentable;
unlamentably;
unlawful;
unlawfully;
unlawfulness;
unleash;
unlicensed;
unlikely;
unlucky;
unmoved;
unnatural;
unnaturally;
unnecessary;
unneeded;
unnerve;
unnerved;
unnerving;
unnervingly;
unnoticed;
unobserved;
unorthodox;
unorthodoxy;
unpleasant;
unpleasantries;
unpopular;
unpredictable;
unprepared;
unproductive;
unprofitable;
unprove;
unproved;
unproven;
unproves;
unproving;
unqualified;
unravel;
unraveled;
unreachable;
unreadable;
unrealistic;
unreasonable;
unreasonably;
unrelenting;
unrelentingly;
unreliability;
unreliable;
unresolved;
unresponsive;
unrest;
unruly;
unsafe;
unsatisfactory;
unsavory;
unscrupulous;
unscrupulously;
unsecure;
unseemly;
unsettle;
unsettled;
unsettling;
unsettlingly;
unskilled;
unsophisticated;
unsound;
unspeakable;
unspeakablely;
unspecified;
unstable;
unsteadily;
unsteadiness;
unsteady;
unsuccessful;
unsuccessfully;
unsupported;
unsupportive;
unsure;
unsuspecting;
unsustainable;
untenable;
untested;
unthinkable;
unthinkably;
untimely;
untouched;
untrue;
untrustworthy;
untruthful;
unusable;
unusably;
unuseable;
unuseably;
unusual;
unusually;
unviewable;
unwanted;
unwarranted;
unwatchable;
unwelcome;
unwell;
unwieldy;
unwilling;
unwillingly;
unwillingness;
unwise;
unwisely;
unworkable;
unworthy;
unyielding;
upbraid;
upheaval;
uprising;
uproar;
uproarious;
uproariously;
uproarous;
uproarously;
uproot;
upset;
upseting;
upsets;
upsetting;
upsettingly;
urgent;
useless;
usurp;
usurper;
utterly;
vagrant;
vague;
vagueness;
vain;
vainly;
vanity;
vehement;
vehemently;
vengeance;
vengeful;
vengefully;
vengefulness;
venom;
venomous;
venomously;
vent;
vestiges;
vex;
vexation;
vexing;
vexingly;
vibrate;
vibrated;
vibrates;
vibrating;
vibration;
vice;
vicious;
viciously;
viciousness;
victimize;
vile;
vileness;
vilify;
villainous;
villainously;
villains;
villian;
villianous;
villianously;
villify;
vindictive;
vindictively;
vindictiveness;
violate;
violation;
violator;
violators;
violent;
violently;
viper;
virulence;
virulent;
virulently;
virus;
vociferous;
vociferously;
volatile;
volatility;
vomit;
vomited;
vomiting;
vomits;
vulgar;
vulnerable;
wack;
wail;
wallow;
wane;
waning;
wanton;
war-like;
warily;
wariness;
warlike;
warned;
warning;
warp;
warped;
wary;
washed-out;
waste;
wasted;
wasteful;
wastefulness;
wasting;
water-down;
watered-down;
wayward;
weak;
weaken;
weakening;
weaker;
weakness;
weaknesses;
weariness;
wearisome;
weary;
wedge;
weed;
weep;
weird;
weirdly;
wheedle;
whimper;
whine;
whining;
whiny;
whips;
whore;
whores;
wicked;
wickedly;
wickedness;
wild;
wildly;
wiles;
wilt;
wily;
wimpy;
wince;
wobble;
wobbled;
wobbles;
woe;
woebegone;
woeful;
woefully;
womanizer;
womanizing;
worn;
worried;
worriedly;
worrier;
worries;
worrisome;
worry;
worrying;
worryingly;
worse;
worsen;
worsening;
worst;
worthless;
worthlessly;
worthlessness;
wound;
wounds;
wrangle;
wrath;
wreak;
wreaked;
wreaks;
wreck;
wrest;
wrestle;
wretch;
wretched;
wretchedly;
wretchedness;
wrinkle;
wrinkled;
wrinkles;
wrip;
wripped;
wripping;
writhe;
wrong;
wrongful;
wrongly;
wrought;
yawn;
zap;
zapped;
zaps;
zealot;
zealous;
zealously;
zombie;
